{
    "player_count": 0,
    "enemies": [
        {
            "id": 0,
            "name": "Raider",
            "position": [
                7.4346212214135265,
                5.766072543666834
            ],
            "health": 100,
            "damage": 5,
            "ship": "Frigate"
        },
        {
            "id": 1,
            "name": "Pirate",
            "position": [
                6.74213117914425,
                0.7414675345874233
            ],
            "health": 100,
            "damage": 5,
            "ship": "Frigate"
        },
        {
            "id": 2,
            "name": "Raider",
            "position": [
                6.925715949416191,
                0.793355226062129
            ],
            "health": 100,
            "damage": 5,
            "ship": "Frigate"
        },
        {
            "id": 3,
            "name": "Bounty",
            "position": [
                4.18302013569958,
                5.525810751928086
            ],
            "health": 100,
            "damage": 5,
            "ship": "Frigate"
        }
    ]
}